source,title,company,location,date,link
Keejob,Agent de Service Général / Agent de Sécurité,,Tunis,2026-04-25,https://www.keejob.com/offres-emploi/companies/11980/abc-bank/
Keejob,Agent de Service Support/Agent(e) d'Entretien,,Tunis,2026-04-25,https://www.keejob.com/offres-emploi/companies/11980/abc-bank/
Keejob,Head of Corporate,,Tunis,2026-04-25,https://www.keejob.com/offres-emploi/companies/11980/abc-bank/
Keejob,Agent de traitement des donnés en Allemand,,Tunis,2026-04-25,https://www.keejob.com/offres-emploi/companies/8961/kpg-recrutement/
Keejob,Agent de traitement des données en Italien,,Tunis,2026-04-25,https://www.keejob.com/offres-emploi/companies/8961/kpg-recrutement/
Keejob,Ingénieur Test et validation en CND (CIVP),,Tunis,2026-04-25,https://www.keejob.com/offres-emploi/companies/8961/kpg-recrutement/
Keejob,Ingénieur & Responsable Maintenance,,Monastir,2026-04-25,https://www.keejob.com/offres-emploi/companies/8961/kpg-recrutement/
Keejob,coordinateur dév de programmes des jeunes,,Tunis,2026-04-25,https://www.keejob.com/offres-emploi/companies/13148/sos-village/
Keejob,Responsable Production ( Secteur Automobile ),,Béja,2026-04-25,https://www.keejob.com/offres-emploi/companies/16391/aptiv/
Keejob,Responsable Ressources Humaines (Enfidha),,Sousse,2026-04-25,https://www.keejob.com/offres-emploi/companies/8961/kpg-recrutement/
Keejob,Responsable QHSE,,Sousse,2026-04-25,https://www.keejob.com/offres-emploi/companies/8961/kpg-recrutement/
Keejob,Télévendeurs,,Tunis,2026-04-25,https://www.keejob.com/offres-emploi/companies/2291/teleperformance/
Keejob,Conseillers Commerciaux en Réception d'appel,,Tunis,2026-04-25,https://www.keejob.com/offres-emploi/companies/225/phoneact/
Keejob,Responsable Achat et Approvisionnement,,Zaghouan,2026-04-25,https://www.keejob.com/offres-emploi/239615/responsable-achat-et-approvisionnement/
Keejob,Assistante Administrative et Financière,,Tunis,2026-04-25,https://www.keejob.com/offres-emploi/companies/891/active-contact/
Keejob,Télévendeurs (es) Telco,,Tunis,2026-04-25,https://www.keejob.com/offres-emploi/companies/891/active-contact/
Keejob,Coach Qualité et Formation (H/F),,Ariana,2026-04-25,https://www.keejob.com/offres-emploi/companies/225/phoneact/
Keejob,Quality Manager,,Ben Arous,2026-04-25,https://www.keejob.com/offres-emploi/companies/23820/stram/
Keejob,Industrial Electrical Maintenance Technician,,Tunis,2026-04-25,https://www.keejob.com/offres-emploi/companies/8961/kpg-recrutement/
Keejob,"Kundenberatung, Prämie+Vorteile",,Ariana,2026-04-25,https://www.keejob.com/offres-emploi/companies/225/phoneact/
Keejob,Réviseur Comptable en comptabilité française,,Ariana,2026-04-25,https://www.keejob.com/offres-emploi/companies/14877/my-cash-collector/
Keejob,Ingénieur Méthodes (Monastir),,Monastir,2026-04-25,https://www.keejob.com/offres-emploi/companies/8961/kpg-recrutement/
Keejob,Sr Finance Analyst,,Tunis,2026-04-25,https://www.keejob.com/offres-emploi/companies/8961/kpg-recrutement/
Keejob,Ingénieur Process électronique CMS,,Tunis,2026-04-25,https://www.keejob.com/offres-emploi/companies/8961/kpg-recrutement/
Keejob,Operatori call center di lingua Italiana,,Ariana,2026-04-25,https://www.keejob.com/offres-emploi/companies/225/phoneact/
Keejob,Comptable / Expérience en compta Française,,Ariana,2026-04-25,https://www.keejob.com/offres-emploi/companies/14877/my-cash-collector/
Keejob,Conseillers Commerciaux Francophones émission,,Tunis,2026-04-25,https://www.keejob.com/offres-emploi/companies/1708/stream/
Keejob,Technicien de compression (Pharmaceutique),,Tunis,2026-04-25,https://www.keejob.com/offres-emploi/companies/17388/laboratoire-thera/
Keejob,Responsable Financier,,Ben Arous,2026-04-25,https://www.keejob.com/offres-emploi/239475/responsable-financier/
Keejob,Technicien qualité produit fonderie,,Ben Arous,2026-04-25,https://www.keejob.com/offres-emploi/companies/13841/staroil-sa/
Keejob,Chargé  RAP,,La Manouba,2026-04-25,https://www.keejob.com/offres-emploi/companies/17388/laboratoire-thera/
Keejob,Responsable Transit,,Tunis,2026-04-25,https://www.keejob.com/offres-emploi/companies/17388/laboratoire-thera/
Keejob,Technicien de Production (Homme),,Tunis,2026-04-25,https://www.keejob.com/offres-emploi/companies/17388/laboratoire-thera/
Keejob,Chef déquipe de production (H/F),,La Manouba,2026-04-25,https://www.keejob.com/offres-emploi/companies/22750/appetissante_an-iffco-group-company/
Keejob,Directeur Administratif et financier (SFAX),,Sfax,2026-04-25,https://www.keejob.com/offres-emploi/companies/8961/kpg-recrutement/
Keejob,Chargé Ressources Humaines,,Tunis,2026-04-25,https://www.keejob.com/offres-emploi/companies/8961/kpg-recrutement/
Keejob,Junior Talent Acquisition Partner - Bilingual,,Tunis,2026-04-25,https://www.keejob.com/offres-emploi/companies/4625/transcom/
Keejob,Vendeur/Préparateur Jus - GROMBALIA AUTOROUTE,,Nabeul,2026-04-25,https://www.keejob.com/offres-emploi/companies/19405/bariolo/
Keejob,Consultant(e) en Recrutement bilingue,,Tunis,2026-04-25,https://www.keejob.com/offres-emploi/companies/159/crit/
Keejob,Hygiéniste,,Tunis,2026-04-25,https://www.keejob.com/offres-emploi/companies/15406/el-amen-sante/
Keejob,Chargé Système Qualité,,La Manouba,2026-04-25,https://www.keejob.com/offres-emploi/companies/17388/laboratoire-thera/
Keejob,des tôliers et peintres automobiles,,Ariana,2026-04-25,https://www.keejob.com/offres-emploi/companies/26236/autop-tunisie/
Keejob,Contrôleur de gestion,,Tunis,2026-04-25,https://www.keejob.com/offres-emploi/239172/contr%C3%B4leur-de-gestion/
Keejob,OPERATEUR MACHINE CNC,,Ben Arous,2026-04-25,https://www.keejob.com/offres-emploi/companies/11128/tunicast/
Keejob,Assistante Comptable,,Tunis,2026-04-25,https://www.keejob.com/offres-emploi/companies/27713/haimour-in/
Keejob,Un Responsable de point de vente (Manager),,Bizerte,2026-04-25,https://www.keejob.com/offres-emploi/companies/31/fatales/
Keejob,Assistante de direction,,Ariana,2026-04-25,https://www.keejob.com/offres-emploi/239185/assistante-de-direction/
Keejob,Conseillers Commerciaux TELCO,,Tunis,2026-04-25,https://www.keejob.com/offres-emploi/companies/891/active-contact/
Keejob,Assistant relation clients,,Ariana,2026-04-25,https://www.keejob.com/offres-emploi/companies/2054/argos/
Keejob,Data Analyst Marketing (H/F),,Sousse,2026-04-25,https://www.keejob.com/offres-emploi/companies/12393/recrutement-rhg/
Keejob,COMMERCIAUX MARQUES MEDIAS - APPELS SORTANTS,,Ariana,2026-04-25,https://www.keejob.com/offres-emploi/companies/1228/infopro/
Keejob,MANAGER RECOUVREMENT ET FACTURATION,,Ariana,2026-04-25,https://www.keejob.com/offres-emploi/companies/1228/infopro/
Keejob,AGENT IMMOBILIER TECNOCASA M'SAKEN,,Sousse,2026-04-25,https://www.keejob.com/offres-emploi/companies/15474/vinci-conseils-tecnocasa/
Keejob,Responsable d'Équipe en Télévente,,Tunis,2026-04-25,https://www.keejob.com/offres-emploi/companies/891/active-contact/
Keejob,Office Manager Sousse,,Sousse,2026-04-25,https://www.keejob.com/offres-emploi/companies/13089/veo-worldwide-services/
Keejob,Vendeur/ Caissier Mango Marsa,,Tunis,2026-04-25,https://www.keejob.com/offres-emploi/companies/7292/tuntex/
Keejob,CONSEILLERS CLIENTS - MULTICANAL,,Ariana,2026-04-25,https://www.keejob.com/offres-emploi/companies/1228/infopro/
Keejob,DEBT COLLECTOR AGENT,,Ariana,2026-04-25,https://www.keejob.com/offres-emploi/companies/1228/infopro/
Keejob,Agent-Magasin,,Ben Arous,2026-04-25,https://www.keejob.com/offres-emploi/companies/22631/electronic-tunisie-system/
Keejob,Technicien Support M365/Intune (H/F),,Tunis,2026-04-25,https://www.keejob.com/offres-emploi/companies/2394/advancia/
Keejob,Téléprospecteur En Produit Bancaire,,Tunis,2026-04-25,https://www.keejob.com/offres-emploi/companies/225/phoneact/
Keejob,Chargé qualité et process SOUSCRIPTION,,Ariana,2026-04-25,https://www.keejob.com/offres-emploi/companies/10290/protect-tunsie/
Keejob,Comptable,,Ben Arous,2026-04-25,https://www.keejob.com/offres-emploi/239136/comptable/
Keejob,Technicien Process CMS,,Ariana,2026-04-25,https://www.keejob.com/offres-emploi/companies/11364/asteel-flash/
Keejob,Oharmacien Responsable Assurance Qualité,,Ariana,2026-04-25,https://www.keejob.com/offres-emploi/companies/859/pharmaghreb/
Keejob,Chargé RH (H/F),,Tunis,2026-04-25,https://www.keejob.com/offres-emploi/companies/1740/t3c/
Keejob,Directeur Production & Technique CMS,,Tunis,2026-04-25,https://www.keejob.com/offres-emploi/companies/8961/kpg-recrutement/
Keejob,Coordinateur Supply Chain électronique,,Tunis,2026-04-25,https://www.keejob.com/offres-emploi/companies/8961/kpg-recrutement/
Keejob,Agent de sécurité,,Tunis,2026-04-25,https://www.keejob.com/offres-emploi/239119/agent-de-s%C3%A9curit%C3%A9/
Keejob,Responsable Système Qualité et HSE,,Ben Arous,2026-04-25,https://www.keejob.com/offres-emploi/239019/responsable-syst%C3%A8me-qualit%C3%A9-et-hse/
Keejob,Servizio ClientiSettore Trasporti,,Ariana,2026-04-25,https://www.keejob.com/offres-emploi/companies/991/almaviva/
Keejob,"Tax Assistant ""CIVP""",,Tunis,2026-04-25,https://www.keejob.com/offres-emploi/companies/7382/vivo-energy/
Keejob,Téléprospecteurs,,Tunis,2026-04-25,https://www.keejob.com/offres-emploi/companies/8961/kpg-recrutement/
Keejob,Servizio Clienti  Helpdesk,,Tunis,2026-04-25,https://www.keejob.com/offres-emploi/companies/4625/transcom/
Keejob,Customer service representative,,Tunis,2026-04-25,https://www.keejob.com/offres-emploi/companies/4625/transcom/
Keejob,Conseiller Clientèle - Fashion et E-commerce,,Tunis,2026-04-25,https://www.keejob.com/offres-emploi/companies/4625/transcom/
Keejob,Enquêteurs téléphoniques - Excellent français,,Ariana,2026-04-25,https://www.keejob.com/offres-emploi/companies/5628/3c-etudes/
Keejob,EXPERT TECHNICO-FONCTIONNEL SAGE X3,,Tunis,2026-04-25,https://www.keejob.com/offres-emploi/companies/5598/mercure-internationale/
Keejob,CHEF DE PROJET IT RETAIL,,Tunis,2026-04-25,https://www.keejob.com/offres-emploi/companies/5598/mercure-internationale/
Keejob,Assistante Administrative,,Tunis,2026-04-25,https://www.keejob.com/offres-emploi/companies/26764/rfc/
Keejob,Strategic Account Manager,,Tunis,2026-04-25,https://www.keejob.com/offres-emploi/companies/8961/kpg-recrutement/
Keejob,Assistante financière,,Tunis,2026-04-25,https://www.keejob.com/offres-emploi/companies/26764/rfc/
Keejob,Conseillers Client,,Tunis,2026-04-25,https://www.keejob.com/offres-emploi/companies/2291/teleperformance/
Keejob,Conseillers Clients (SOUSSE),,Sousse,2026-04-25,https://www.keejob.com/offres-emploi/companies/2291/teleperformance/
Keejob,Conseillers client bilingues,,Tunis,2026-04-25,https://www.keejob.com/offres-emploi/companies/2291/teleperformance/
Keejob,Magasinier MP et PF,,Kairouan,2026-04-25,https://www.keejob.com/offres-emploi/238509/magasinier-mp-et-pf/
Keejob,Mécaniciens dengins de chantier (ITALIE),,,2026-04-25,https://www.keejob.com/offres-emploi/companies/8961/kpg-recrutement/
Keejob,Contrôleur de Gestion,,Ben Arous,2026-04-25,https://www.keejob.com/offres-emploi/companies/22004/groupe/
Keejob,Responsable unité de production (Monastir),,Monastir,2026-04-25,https://www.keejob.com/offres-emploi/companies/8961/kpg-recrutement/
Keejob,Odoo Tech Lead,,Tunis,2026-04-25,https://www.keejob.com/offres-emploi/companies/20695/binitns/
Keejob,Interprète,,Tunis,2026-04-25,https://www.keejob.com/offres-emploi/companies/2291/teleperformance/
Keejob,Gourmandise recrute a BOUZAYENE,,Sfax,2026-04-25,https://www.keejob.com/offres-emploi/companies/148/gourmandise/
Keejob,Gourmandise recrute A Sousse Mariott,,Sousse,2026-04-25,https://www.keejob.com/offres-emploi/companies/148/gourmandise/
Keejob,Contrôleur de Gestion Groupe (H/F),,Sousse,2026-04-25,https://www.keejob.com/offres-emploi/companies/12393/recrutement-rhg/
Keejob,Technicien Supérieur,,Ben Arous,2026-04-25,https://www.keejob.com/offres-emploi/238384/technicien-sup%C3%A9rieur/
Keejob,Chefs D'équipes,,Tunis,2026-04-25,https://www.keejob.com/offres-emploi/companies/12087/luxor/
Keejob,Chefs Chantiers,,Tunis,2026-04-25,https://www.keejob.com/offres-emploi/companies/12087/luxor/
Keejob,Responsable de Maintenance,,Sousse,2026-04-25,https://www.keejob.com/offres-emploi/companies/12393/recrutement-rhg/
Keejob,Analyste Fonctionnel (H/F),,Sousse,2026-04-25,https://www.keejob.com/offres-emploi/companies/12393/recrutement-rhg/
Keejob,Chargé de flux bionétrique,,Ben Arous,2026-04-25,https://www.keejob.com/offres-emploi/companies/2820/sotubi/
Keejob,Technicien de maintenance,,Zaghouan,2026-04-25,https://www.keejob.com/offres-emploi/238418/technicien-de-maintenance/
Keejob,Chargé d'achats,,Tunis,2026-04-25,https://www.keejob.com/offres-emploi/companies/31/fatales/
Keejob,Chargé(e) Qualité Production (H/F),,Ariana,2026-04-25,https://www.keejob.com/offres-emploi/companies/11364/asteel-flash/
Keejob,Resp Dév Com & Mkg en dispositifs médicaux,,Ariana,2026-04-25,https://www.keejob.com/offres-emploi/companies/7236/prochidia/
Keejob,Technico-Commerciale,,Sfax,2026-04-24,https://www.keejob.com/offres-emploi/companies/31966/green-energy-company/
Keejob,Commercial,,Tunis,2026-04-24,https://www.keejob.com/offres-emploi/companies/23019/immobilier-finance-conseil/
Keejob,Représentant Commercial /Région Nord-Ouest/,,Béja,2026-04-24,https://www.keejob.com/offres-emploi/companies/17517/deutschcolor/
Keejob,Responsable de Production,,Tunis,2026-04-24,https://www.keejob.com/offres-emploi/companies/34545/republic-of-mlawi/
Keejob,Technical Promotor,,Ben Arous,2026-04-24,https://www.keejob.com/offres-emploi/companies/159/crit/
Keejob,RESPPONSABLE MAINTENANCE,,Kairouan,2026-04-24,https://www.keejob.com/offres-emploi/companies/17517/deutschcolor/
Keejob,Technicien de laboratoire CQ,,Tunis,2026-04-24,https://www.keejob.com/offres-emploi/companies/17060/ceva-s-a-tunisie/
Keejob,Chef déquipe usinage,,Sousse,2026-04-24,https://www.keejob.com/offres-emploi/239857/team-leader-chef-d%C3%A9quipe-usinage/
Keejob,Ingèneur en inrastructure,,Ben Arous,2026-04-24,https://www.keejob.com/offres-emploi/239867/ingenieur-en-inrastructure/
Keejob,Analystes Financiers,,Tunis,2026-04-24,https://www.keejob.com/offres-emploi/companies/159/crit/
Keejob,Aide-soignante,,Ariana,2026-04-24,https://www.keejob.com/offres-emploi/companies/32394/convalescence-le-havre-el-menzah/
Keejob,télésecrétaire médicale,,Tunis,2026-04-24,https://www.keejob.com/offres-emploi/companies/30610/radio-sec/
Keejob,Stagiaire Développeur Agents IA,,Ben Arous,2026-04-24,https://www.keejob.com/offres-emploi/239837/stagiaire-d%C3%A9veloppeur-agents-ia/
Keejob,Responsable Sécurité SI,,Ariana,2026-04-24,https://www.keejob.com/offres-emploi/companies/225/phoneact/
Keejob,Préparatrice  en parapharmacie,,Tunis,2026-04-24,https://www.keejob.com/offres-emploi/companies/28297/terres-des-lys/
Keejob,Styliste Modéliste,,Monastir,2026-04-24,https://www.keejob.com/offres-emploi/239834/styliste-mod%C3%A9liste/
Keejob,Chef de parc,,La Manouba,2026-04-24,https://www.keejob.com/offres-emploi/239832/chef-de-parc/
Keejob,Chargé(e) Études de Prix / Chef de Projet TCE,,Tunis,2026-04-24,https://www.keejob.com/offres-emploi/239823/charg%C3%A9e-%C3%A9tudes-de-prix-chef-de-projet-tce/
Keejob,Technicien en Génie Civil,,Ariana,2026-04-24,https://www.keejob.com/offres-emploi/239825/technicien-en-g%C3%A9nie-civil/
Keejob,Coursier,,La Manouba,2026-04-24,https://www.keejob.com/offres-emploi/companies/31019/longchamp/
Keejob,Ingénieur genie élécrique,,Ben Arous,2026-04-24,https://www.keejob.com/offres-emploi/239510/ingenieur-genie-electrique/
Keejob,Responsable d'Agence/ Branch Manager,,Tunis,2026-04-23,https://www.keejob.com/offres-emploi/companies/11980/abc-bank/
Keejob,Télévendeur en Mutuelle Santé - Sousse,,Sousse,2026-04-23,https://www.keejob.com/offres-emploi/companies/232/assist-assur/
Keejob,Expert en Conformité Financière et LCB-FT,,Tunis,2026-04-23,https://www.keejob.com/offres-emploi/companies/159/crit/
Keejob,secrétariat medical télétravail,,Tunis,2026-04-23,https://www.keejob.com/offres-emploi/companies/4799/zariat/
Keejob,Community Manager,,Ariana,2026-04-23,https://www.keejob.com/offres-emploi/239817/community-manager/
Keejob,Resp.Efficacité Energétique Utilités,,La Manouba,2026-04-23,https://www.keejob.com/offres-emploi/companies/15790/etablissements-abdelmoula/
Keejob,Gestionnaire des Services Généraux,,Ariana,2026-04-23,https://www.keejob.com/offres-emploi/companies/9622/ibn-al-baytar/
Keejob,Chargé recouvrement Ariana/Djerba/Gafsa/Tunis,,Tunis,2026-04-23,https://www.keejob.com/offres-emploi/companies/8630/cfe-tunie/
Keejob,Chargé Crédit Sousse Moknine/ Monastir Akouda,,Tunis,2026-04-23,https://www.keejob.com/offres-emploi/companies/8630/cfe-tunie/
Keejob,Délégué médical - secteur nord,,Tunis,2026-04-23,https://www.keejob.com/offres-emploi/companies/9622/ibn-al-baytar/
Keejob,Délégué médical - secteur centre,,Monastir,2026-04-23,https://www.keejob.com/offres-emploi/companies/9622/ibn-al-baytar/
Keejob,HR Supervisor,,Ariana,2026-04-23,https://www.keejob.com/offres-emploi/companies/9622/ibn-al-baytar/
Keejob,Conseiller Commercial,,Tunis,2026-04-23,https://www.keejob.com/offres-emploi/companies/891/active-contact/
Keejob,Gestionnaire opérations de transit,,Ariana,2026-04-23,https://www.keejob.com/offres-emploi/companies/9622/ibn-al-baytar/
Keejob,Assistante juridique et administrative [H/F],,La Manouba,2026-04-23,https://www.keejob.com/offres-emploi/companies/12807/vdi-group/
Keejob,Pharmacien/Ingénieur Affaires Réglementaires,,Ben Arous,2026-04-23,https://www.keejob.com/offres-emploi/239838/pharmaciening%C3%A9nieur-affaires-r%C3%A9glementaires/
Keejob,Chef/Cheffe comptable [H/F]  CDI - Manouba,,La Manouba,2026-04-23,https://www.keejob.com/offres-emploi/companies/12807/vdi-group/
Keejob,Le Chargé(e) au centre d'appel,,Tunis,2026-04-23,https://www.keejob.com/offres-emploi/companies/8630/cfe-tunie/
Keejob,Monteur régleur moule injection plastique,,Sfax,2026-04-23,https://www.keejob.com/offres-emploi/239847/monteur-r%C3%A9gleur-moule-injection-plastique/
Keejob,Quality Responsible,,Béja,2026-04-23,https://www.keejob.com/offres-emploi/companies/16391/aptiv/
Keejob,Souscripteur Risque Divers et Engineering,,Tunis,2026-04-23,https://www.keejob.com/offres-emploi/companies/17497/assurances-comar/
Keejob,Responsable ICT,,Tunis,2026-04-23,https://www.keejob.com/offres-emploi/companies/159/crit/
Keejob,Commercial vehicules neufs,,Sfax,2026-04-23,https://www.keejob.com/offres-emploi/239805/commercial-v%C3%A9hicules-neufs-vn/
Keejob,Expert(e) en visa,,Tunis,2026-04-23,https://www.keejob.com/offres-emploi/companies/34934/bourse-dream/
Keejob,Conseiller(ère) en Bourses Universitaires,,Tunis,2026-04-23,https://www.keejob.com/offres-emploi/companies/34934/bourse-dream/
Keejob,"Téléconseillers (Appels, Chat & Email)",,Tunis,2026-04-23,https://www.keejob.com/offres-emploi/companies/225/phoneact/
Keejob,Commerciale Back Office,,Sfax,2026-04-23,https://www.keejob.com/offres-emploi/companies/13303/alliance-label/
Keejob,Adjoint Technique Stock & Approvisionnement,,Ben Arous,2026-04-23,https://www.keejob.com/offres-emploi/companies/23820/stram/
Keejob,ingénieur en Electromécanique,,Sfax,2026-04-23,https://www.keejob.com/offres-emploi/companies/30755/dar-essaydali/
Keejob,Directeur Général Filiale (H/F),,Sfax,2026-04-23,https://www.keejob.com/offres-emploi/239104/directeur-g%C3%A9n%C3%A9ral-filiale-hf/
Keejob,Technicien(ne)s en Anesthésie et Réanimation,,Nabeul,2026-04-23,https://www.keejob.com/offres-emploi/companies/15406/el-amen-sante/
Keejob,Sages-femmes,,Tunis,2026-04-23,https://www.keejob.com/offres-emploi/companies/15406/el-amen-sante/
Keejob,HOTESSE D'ACCUEIL,,Ariana,2026-04-23,https://www.keejob.com/offres-emploi/companies/991/almaviva/
Keejob,Transport Specialist,,Sousse,2026-04-23,https://www.keejob.com/offres-emploi/companies/13089/veo-worldwide-services/
Keejob,MAGASINIER/MAGASINIERE,,Ben Arous,2026-04-23,https://www.keejob.com/offres-emploi/239092/magasiniermagasiniere/
Keejob,Coordinateur Logistique et Achats,,Ben Arous,2026-04-23,https://www.keejob.com/offres-emploi/companies/159/crit/
Keejob,BTP Mécanique (N),,Ben Arous,2026-04-23,https://www.keejob.com/offres-emploi/companies/11711/sotuchoc/
Keejob,Chargé des Moyens Généraux,,Ben Arous,2026-04-23,https://www.keejob.com/offres-emploi/companies/23820/stram/
Keejob,Coordinateur Supply Chain InterSites,,Ariana,2026-04-23,https://www.keejob.com/offres-emploi/companies/11364/asteel-flash/
Keejob,Assitante Logistique,,Ben Arous,2026-04-23,https://www.keejob.com/offres-emploi/companies/12123/aqualux/
Keejob,Chargé(e) Administration des Ventes,,Ben Arous,2026-04-23,https://www.keejob.com/offres-emploi/companies/23820/stram/
Keejob,Ingénieur Hydraulique confirmé,,Tunis,2026-04-23,https://www.keejob.com/offres-emploi/companies/281/scet-tunisie/
Keejob,Ingénieur d'affaires,,Tunis,2026-04-23,https://www.keejob.com/offres-emploi/companies/281/scet-tunisie/
Keejob,Urbaniste,,Tunis,2026-04-23,https://www.keejob.com/offres-emploi/companies/281/scet-tunisie/
Keejob,Ingénieur Structures,,Tunis,2026-04-23,https://www.keejob.com/offres-emploi/companies/281/scet-tunisie/
Keejob,Spécialiste Flux Logistique,,Sousse,2026-04-23,https://www.keejob.com/offres-emploi/companies/13089/veo-worldwide-services/
Keejob,Assistante administrative et daccueil,,Tunis,2026-04-23,https://www.keejob.com/offres-emploi/companies/159/crit/
Keejob,Controlling Specialist,,Tunis,2026-04-23,https://www.keejob.com/offres-emploi/companies/13089/veo-worldwide-services/
Keejob,Chargé(e) de communication digitale,,Ariana,2026-04-23,https://www.keejob.com/offres-emploi/companies/9721/mbm-trading-co/
Keejob,International Payments Officer-Domiciliation.,,Tunis,2026-04-22,https://www.keejob.com/offres-emploi/companies/11980/abc-bank/
Keejob,Technicien superieur labo,,Ariana,2026-04-22,https://www.keejob.com/offres-emploi/companies/859/pharmaghreb/
Keejob,Ingénieur   affaires réglementaires,,Ariana,2026-04-22,https://www.keejob.com/offres-emploi/companies/859/pharmaghreb/
Keejob,operateur de fabrication formes pâteuses,,Ariana,2026-04-22,https://www.keejob.com/offres-emploi/companies/859/pharmaghreb/
Keejob,Architecte d'Intérieur,,La Manouba,2026-04-22,https://www.keejob.com/offres-emploi/companies/34976/concept-market-et-design-arredamenti/
Keejob,Sales Development Representative (H/F),,Tunis,2026-04-22,https://www.keejob.com/offres-emploi/companies/891/active-contact/
Keejob,Technicien Maintenance,,Bizerte,2026-04-22,https://www.keejob.com/offres-emploi/239759/technicien-maintenance/
Keejob,Ingénieur en Génie Industriel,,Ben Arous,2026-04-22,https://www.keejob.com/offres-emploi/239771/ing%C3%A9nieur-en-g%C3%A9nie-industriel/
Keejob,Responsable Trésorerie et Financement,,Tunis,2026-04-22,https://www.keejob.com/offres-emploi/companies/5169/advans-tunisie/
Keejob,ingénieur en géotechnique,,Tunis,2026-04-22,https://www.keejob.com/offres-emploi/companies/29671/adaptasol/
Keejob,Assistant(e) de Production Pédagogique,,Tunis,2026-04-22,https://www.keejob.com/offres-emploi/companies/35017/youthna/
Keejob,Responsable études et chiffrage,,Ben Arous,2026-04-22,https://www.keejob.com/offres-emploi/companies/31866/tunisie-profiles-aluminium/
Keejob,Auditeur Interne,,Sousse,2026-04-22,https://www.keejob.com/offres-emploi/companies/21853/ste-groupe-medical-les-oliviers/
Keejob,Gestionnaire (Pointages & Moyens Généraux),,Ben Arous,2026-04-22,https://www.keejob.com/offres-emploi/239766/gestionnaire-pointages-moyens-g%C3%A9n%C3%A9raux/
Keejob,Chargé de données ERP /(junior intelligent),,Mahdia,2026-04-22,https://www.keejob.com/offres-emploi/239765/charg%C3%A9-de-donn%C3%A9es-erp-junior-intelligent/
Keejob,Assistante administrative,,Tunis,2026-04-22,https://www.keejob.com/offres-emploi/companies/35054/crk-stores/
Keejob,Gabes-Commerciaux terrain en Microfinance,,Gabes,2026-04-22,https://www.keejob.com/offres-emploi/companies/5169/advans-tunisie/
Keejob,Sfax-Commerciaux terrain en Microfinance,,Tunis,2026-04-22,https://www.keejob.com/offres-emploi/companies/5169/advans-tunisie/
Keejob,Chargée de Recrutement - Pôle Carthago Brick.,,Zaghouan,2026-04-22,https://www.keejob.com/offres-emploi/companies/28304/ste-carthago-sanitaire/
Keejob,Assistante d'accueil,,Tunis,2026-04-22,https://www.keejob.com/offres-emploi/companies/9614/argania-distribution-sarl/
Keejob,AI Designer,,Tunis,2026-04-22,https://www.keejob.com/offres-emploi/companies/198/poulina-group-holding/
Keejob,Graphiste / Photographe (Freelance),,Ben Arous,2026-04-22,https://www.keejob.com/offres-emploi/companies/4598/confidentiel/
Keejob,Chef d'équipe (H/F),,Bizerte,2026-04-22,https://www.keejob.com/offres-emploi/companies/73/techniplast-industrie/
Keejob,INGENIEUR CONCEPTION CATIA TRIM,,Tunis,2026-04-22,https://www.keejob.com/offres-emploi/companies/31140/ennopulse/
Keejob,Customer Service & Operations Coordinator,,Ariana,2026-04-22,https://www.keejob.com/offres-emploi/companies/32616/premier-dealers-solutions/
Keejob,Assistante de Direction,,Nabeul,2026-04-22,https://www.keejob.com/offres-emploi/239781/assistante-de-direction/
Keejob,Responsable point de vente,,Sfax,2026-04-22,https://www.keejob.com/offres-emploi/companies/35054/crk-stores/
Keejob,Ingénieur Génie Civil  Réhabilitation H/F,,Tunis,2026-04-22,https://www.keejob.com/offres-emploi/companies/29715/sinistre-expertscom/
Keejob,Responsable commercial pharmaceutique,,Monastir,2026-04-22,https://www.keejob.com/offres-emploi/239772/responsable-commercial-pharmaceutique/
Keejob,Assistante qualité,,Ben Arous,2026-04-22,https://www.keejob.com/offres-emploi/companies/13257/tunifroid-sarl/
Keejob,Coordinateur de Dév Communautaire et Social,,Tunis,2026-04-22,https://www.keejob.com/offres-emploi/companies/13148/sos-village/
Keejob,commercial,,Tunis,2026-04-22,https://www.keejob.com/offres-emploi/239734/commercial/
Keejob,Billetiste,,Tunis,2026-04-22,https://www.keejob.com/offres-emploi/companies/34957/rahi-travels/
Keejob,Développeur  (React / Node.js),,Sfax,2026-04-22,https://www.keejob.com/offres-emploi/companies/35049/yuma/
Keejob,Technicien supérieur en conception mécanique,,Bizerte,2026-04-22,https://www.keejob.com/offres-emploi/239499/technicien-sup%C3%A9rieur-en-conception-m%C3%A9canique/
Keejob,Verkaufsberater(in) - DACH,,Tunis,2026-04-22,https://www.keejob.com/offres-emploi/companies/16116/national-pen/
Keejob,Assistant(e) développement analytique,,Tunis,2026-04-22,https://www.keejob.com/offres-emploi/companies/13426/adwya/
Keejob,Téléconseillers pédagogiques,,Ariana,2026-04-22,https://www.keejob.com/offres-emploi/companies/991/almaviva/
Keejob,Chauffeur Livreur,,Tunis,2026-04-22,https://www.keejob.com/offres-emploi/239038/chauffeur-livreur/
Keejob,Ingénieur acheteur,,Tunis,2026-04-22,https://www.keejob.com/offres-emploi/239030/ing%C3%A9nieur-acheteur/
Keejob,Planificateur,,Ariana,2026-04-22,https://www.keejob.com/offres-emploi/companies/11364/asteel-flash/
Keejob,Vendeur / Préparateur de Jus - MALL OF SOUSSE,,Sousse,2026-04-22,https://www.keejob.com/offres-emploi/companies/19405/bariolo/
Keejob,Assistante technico-commerciale & back office,,Tunis,2026-04-22,https://www.keejob.com/offres-emploi/companies/4966/onetech-holding/
Keejob,Assistant logistique,,Tunis,2026-04-22,https://www.keejob.com/offres-emploi/companies/7236/prochidia/
Keejob,Technicien TRAVAUX NEUFS,,Ben Arous,2026-04-22,https://www.keejob.com/offres-emploi/companies/2820/sotubi/
Keejob,Superviseur Porte à Porte,,Tunis,2026-04-22,https://www.keejob.com/offres-emploi/companies/2820/sotubi/
Keejob,Vendeur / Préparateur de Jus - TUNIS,,Tunis,2026-04-22,https://www.keejob.com/offres-emploi/companies/19405/bariolo/
Keejob,AGENT DE RECOUVREMENT,,Zaghouan,2026-04-22,https://www.keejob.com/offres-emploi/238988/agent-de-recouvrement/
Keejob,Vendeur/ Caissier Adidas Mall of Sousse,,Sousse,2026-04-22,https://www.keejob.com/offres-emploi/companies/7292/tuntex/
Keejob,Commercial B2B Sousse,,Sousse,2026-04-22,https://www.keejob.com/offres-emploi/companies/14383/cpl-jobs/
Keejob,Commercial(e)  Secteur Sanitaire,,Tunis,2026-04-22,https://www.keejob.com/offres-emploi/companies/14383/cpl-jobs/
Keejob,Pharmacien Assistant CQ,,Zaghouan,2026-04-22,https://www.keejob.com/offres-emploi/companies/20639/les-laboratoires-teriak/
Keejob,Commercial B2B Bizerte,,Bizerte,2026-04-22,https://www.keejob.com/offres-emploi/companies/14383/cpl-jobs/
Keejob,Pharmacien Assistant production,,Zaghouan,2026-04-22,https://www.keejob.com/offres-emploi/companies/20639/les-laboratoires-teriak/
Keejob,Responsable Achat-approvisionnement,,Nabeul,2026-04-21,https://www.keejob.com/offres-emploi/companies/33179/conecta-tunisie-sarl/
Keejob,People Growth & Acquisition Specialist,,Sousse,2026-04-21,https://www.keejob.com/offres-emploi/companies/6665/huber-suhner/
Keejob,Warehouse Supervisor,,Sousse,2026-04-21,https://www.keejob.com/offres-emploi/companies/6665/huber-suhner/
Keejob,Coordinateur(trice),,Tunis,2026-04-21,https://www.keejob.com/offres-emploi/companies/33318/n%C3%A9opole/
Keejob,Superviseur d'équipe Commerciale Zone:BIZERTE,,Bizerte,2026-04-21,https://www.keejob.com/offres-emploi/companies/7002/groupe-judy/
Keejob,ASSISTANTE SERVICE MP ET APPROVISIONNEMENT,,Sousse,2026-04-21,https://www.keejob.com/offres-emploi/companies/23213/lp-paint/
Keejob,Stratifieur,,Tunis,2026-04-21,https://www.keejob.com/offres-emploi/companies/159/crit/
Keejob,Recrutement de 80 Agents saisonniers,,Tunis,2026-04-21,https://www.keejob.com/offres-emploi/companies/24057/cma/
Keejob,Assistante  administrative,,Ariana,2026-04-21,https://www.keejob.com/offres-emploi/239706/assistante-administrative/
Keejob,Technicien Support Matériels,,Sousse,2026-04-21,https://www.keejob.com/offres-emploi/companies/12393/recrutement-rhg/
Keejob,Ingénieur Génie Civil,,La Manouba,2026-04-21,https://www.keejob.com/offres-emploi/companies/34365/ste-moderne/
Keejob,Ouvrier Qualifié,,Sfax,2026-04-21,https://www.keejob.com/offres-emploi/companies/34319/med-industrie/
Keejob,Instrumentiste,,Tunis,2026-04-21,https://www.keejob.com/offres-emploi/companies/21337/clinique-el-manar/
Keejob,Payroll & HRIS Specialist,,Sousse,2026-04-21,https://www.keejob.com/offres-emploi/companies/6665/huber-suhner/
Keejob,Technicien en anesthésie réanimation,,Tunis,2026-04-21,https://www.keejob.com/offres-emploi/companies/21337/clinique-el-manar/
Keejob,Technicien sup en  radiologie,,Tunis,2026-04-21,https://www.keejob.com/offres-emploi/companies/21337/clinique-el-manar/
Keejob,Coordinateur(trice)  Accueil Familial,,Tunis,2026-04-21,https://www.keejob.com/offres-emploi/companies/13148/sos-village/
Keejob,Vendeur/ Caissier Bershka Tunisia Mall,,Ariana,2026-04-21,https://www.keejob.com/offres-emploi/companies/7292/tuntex/
Keejob,Un(e) Chargé(e) Vente en Ligne,,La Manouba,2026-04-21,https://www.keejob.com/offres-emploi/companies/25006/ben-yaghlane-shops/
Keejob,Conducteur machine,,Zaghouan,2026-04-21,https://www.keejob.com/offres-emploi/companies/20639/les-laboratoires-teriak/
Keejob,Aide comptable,,Tunis,2026-04-21,https://www.keejob.com/offres-emploi/companies/33605/bistro-du-coin/
Keejob,Conseiller(ère) Voyages,,Tunis,2026-04-21,https://www.keejob.com/offres-emploi/239705/conseiller%C3%A8re-voyages-exp%C3%A9riment%C3%A9e/
Keejob,Ingénieur Développement Test FCT (H/F),,Ariana,2026-04-21,https://www.keejob.com/offres-emploi/companies/11364/asteel-flash/
Keejob,Comptable fournisseur,,Ariana,2026-04-21,https://www.keejob.com/offres-emploi/companies/11364/asteel-flash/
Keejob,Approvisionneur,,Ariana,2026-04-21,https://www.keejob.com/offres-emploi/companies/11364/asteel-flash/
Keejob,Agent de magasin,,Tunis,2026-04-21,https://www.keejob.com/offres-emploi/companies/34103/ortho-tunis/
Keejob,Assistante Commerciale,,Tunis,2026-04-21,https://www.keejob.com/offres-emploi/companies/33480/freedom-travel/
Keejob,Agent de comptabilité,,Tunis,2026-04-21,https://www.keejob.com/offres-emploi/companies/32299/applied-social-science-forum/
Keejob,Receptionniste,,Monastir,2026-04-21,https://www.keejob.com/offres-emploi/companies/33367/medispa-tunisie/
Keejob,Directeur Financier,,Ariana,2026-04-21,https://www.keejob.com/offres-emploi/239581/directeur-financier/
Keejob,Archiviste,,Sousse,2026-04-21,https://www.keejob.com/offres-emploi/companies/33737/societe-de-nutrition-animale-sa/
Keejob,Commercial(e) Francophone  B2B (H/F),,Tunis,2026-04-21,https://www.keejob.com/offres-emploi/companies/27713/haimour-in/
Keejob,Technicien maintenance,,Sfax,2026-04-21,https://www.keejob.com/offres-emploi/companies/30755/dar-essaydali/
Keejob,Responsable recherche et développement,,Ben Arous,2026-04-21,https://www.keejob.com/offres-emploi/companies/31866/tunisie-profiles-aluminium/
Keejob,Ingénieur Maintenance & Infrastructures,,Tunis,2026-04-21,https://www.keejob.com/offres-emploi/companies/15790/etablissements-abdelmoula/
Keejob,Chef de Projet Validation,,Sousse,2026-04-21,https://www.keejob.com/offres-emploi/companies/159/crit/
Keejob,Compliance Officer,,Nabeul,2026-04-21,https://www.keejob.com/offres-emploi/companies/34077/fresenius-kabi-bir-drassen/
Keejob,Technicien de Maintenance,,Sousse,2026-04-21,https://www.keejob.com/offres-emploi/companies/6665/huber-suhner/
Keejob,Stagiaire Help Desk,,Tunis,2026-04-21,https://www.keejob.com/offres-emploi/companies/891/active-contact/
Keejob,Chef de Projet Produit,,Sousse,2026-04-21,https://www.keejob.com/offres-emploi/companies/159/crit/
Keejob,Assistant Manager Stradivarius Mall of Sfax,,Sfax,2026-04-21,https://www.keejob.com/offres-emploi/companies/7292/tuntex/
Keejob,Responsable Fraude  Poste basé à Gafsa,,Ben Arous,2026-04-21,https://www.keejob.com/offres-emploi/companies/4598/confidentiel/
Keejob,Vendeur/ Caissier TAO Manar city,,Ariana,2026-04-21,https://www.keejob.com/offres-emploi/companies/7292/tuntex/
Keejob,Agent Magasin,,Nabeul,2026-04-21,https://www.keejob.com/offres-emploi/companies/34077/fresenius-kabi-bir-drassen/
Keejob,Conseillers en assurance Mutuelle Santé,,Ariana,2026-04-21,https://www.keejob.com/offres-emploi/companies/182/phoneworld/
Keejob,Responsable Gestion des Archives Groupe,,Sousse,2026-04-21,https://www.keejob.com/offres-emploi/companies/12393/recrutement-rhg/
Keejob,Vendeur/ Caissier Lefties Mall of Sousse,,Sousse,2026-04-21,https://www.keejob.com/offres-emploi/companies/7292/tuntex/
Keejob,Vendeur/ Caissier LCW Nasser,,Ariana,2026-04-21,https://www.keejob.com/offres-emploi/companies/7292/tuntex/
Keejob,Responsable Régional  Export,,Sousse,2026-04-21,https://www.keejob.com/offres-emploi/companies/12393/recrutement-rhg/
Keejob,Vendeur/ Caissier Bershka Mall of Sousse,,Sousse,2026-04-21,https://www.keejob.com/offres-emploi/companies/7292/tuntex/
Keejob,Expert(e) en Aménagement du Territoire,,Tunis,2026-04-21,https://www.keejob.com/offres-emploi/companies/281/scet-tunisie/
Keejob,HR Manager,,Sousse,2026-04-20,https://www.keejob.com/offres-emploi/companies/159/crit/
Keejob,Responsable commercial,,Tunis,2026-04-20,https://www.keejob.com/offres-emploi/companies/22001/key-values/
Keejob,Ingénieur Génie Civil (Promotion Immobilière),,Tunis,2026-04-20,https://www.keejob.com/offres-emploi/239662/ing%C3%A9nieur-g%C3%A9nie-civil-promotion-immobili%C3%A8re/
Keejob,ADDETTO RECUPERO CREDITI E ALLA FATTURAZIONE,,Ariana,2026-04-20,https://www.keejob.com/offres-emploi/companies/1228/infopro/
Keejob,SUPPORT CLIENT,,Ariana,2026-04-20,https://www.keejob.com/offres-emploi/companies/1228/infopro/
Keejob,CHARGÉ DE RECOUVREMENT ET DE FACTURATION,,Ariana,2026-04-20,https://www.keejob.com/offres-emploi/companies/1228/infopro/
